H,p_anti,n_valid,min_fp
0.00,0.167566,32.0412,5.3519
0.25,0.190015,31.6119,5.9875
0.50,0.231051,30.9013,7.1275
0.75,0.267702,29.9763,8.0344
1.00,0.273452,29.7575,8.1475
